/currencies.config.patch
/dungeon_worlds.config.patch
/ffs_monsters.treasurepools.patch
/instance_worlds.config.patch
fig.patch
/player.config.patch
/damage/elementaltypes.config.patch
/ffs_weapons/ffs_1_pst/ffs_beretta92/ffs_beretta92_1.activeitem.patch
/ffs_weapons/ffs_1_pst/ffs_beretta92/ffs_beretta92_onehand.activeitem.patch
/ffs_weapons/ffs_1_pst/ffs_BP15/ffs_BP15.activeitem.patch
/ffs_weapons/ffs_1_pst/ffs_deserteagle/ffs_deserteagle_1.activeitem.patch
/ffs_weapons/ffs_1_pst/ffs_fiveseven-legendary/ffs_fiveseven_1.activeitem.patch
/ffs_weapons/ffs_1_pst/ffs_glock/ffs_glock_1.activeitem.patch
/ffs_weapons/ffs_1_pst/ffs_LP9/ffs_LP9.activeitem.patch
/ffs_weapons/ffs_1_pst/ffs_m1911/ffs_m1911_1.activeitem.patch
/ffs_weapons/ffs_1_pst/ffs_makarov/ffs_makarov_1.activeitem.patch
/ffs_weapons/ffs_1_pst/ffs_PDFrostbite/ffs_PDFrostbite.activeitem.patch
/ffs_weapons/ffs_1_pst/ffs_ruger/ffs_ruger_1.activeitem.patch
/ffs_weapons/ffs_1_pst/ffs_SPP-38/ffs_SPP-38.activeitem.patch
/ffs_weapons/ffs_1_pst/ffs_usp/ffs_usp_1.activeitem.patch
/ffs_weapons/ffs_1_rv/ffs_contender-legendary/ffs_contender_1.activeitem.patch
/ffs_weapons/ffs_1_rv/ffs_model1858/ffs_model1858_1.activeitem.patch
/ffs_weapons/ffs_1_rv/ffs_officermatch/ffs_officermatch_1.activeitem.patch
/ffs_weapons/ffs_1_rv/ffs_python/ffs_python_1.activeitem.patch
/ffs_weapons/ffs_1_rv/ffs_redhawk/ffs_redhawk_1.activeitem.patch
/ffs_weapons/ffs_1_rv/ffs_smith_wesson/ffs_smith_wesson_1.activeitem.patch
/ffs_weapons/ffs_1_rv/ffs_spp1/ffs_spp1_1.activeitem.patch
/ffs_weapons/ffs_1_rv/ffs_taurus/ffs_taurus_1.activeitem.patch
/ffs_weapons/ffs_2_sg/ffs_aa12-legendary/ffs_aa12_1.activeitem.patch
/ffs_weapons/ffs_2_sg/ffs_benelli/ffs_benelli_1.activeitem.patch
/ffs_weapons/ffs_2_sg/ffs_Cyclone/ffs_Cyclone.activeitem.patch
/ffs_weapons/ffs_2_sg/ffs_doublebarrel/ffs_doublebarrel_1.activeitem.patch
/ffs_weapons/ffs_2_sg/ffs_Firestorm/ffs_Firestorm.activeitem.patch
/ffs_weapons/ffs_2_sg/ffs_ithaca37/ffs_ithaca37_1.activeitem.patch
/ffs_weapons/ffs_2_sg/ffs_ks23/ffs_ks23_1.activeitem.patch
/ffs_weapons/ffs_2_sg/ffs_m1216/ffs_m1216_1.activeitem.patch
/ffs_weapons/ffs_2_sg/ffs_mossberg/ffs_mossberg_1.activeitem.patch
/ffs_weapons/ffs_2_sg/ffs_QRCType/ffs_QRCType.activeitem.patch
/ffs_weapons/ffs_2_sg/ffs_saiga/ffs_saiga_1.activeitem.patch
/ffs_weapons/ffs_2_smg/ffs_mp5/ffs_mp5_1.activeitem.patch
/ffs_weapons/ffs_2_smg/ffs_mp7/ffs_mp7_1.activeitem.patch
/ffs_weapons/ffs_2_smg/ffs_p90-legendary/ffs_p90_1.activeitem.patch
/ffs_weapons/ffs_2_smg/ffs_ro635/ffs_ro635_1.activeitem.patch
/ffs_weapons/ffs_2_smg/ffs_ump45/ffs_ump45_1.activeitem.patch
/ffs_weapons/ffs_2_smg/ffs_uzi/ffs_uzi_1.activeitem.patch
/ffs_weapons/ffs_2_smg/ffs_vector/ffs_vector_1.activeitem.patch
/ffs_weapons/ffs_2_smg/ffs_vz61/ffs_vz61_1.activeitem.patch
/ffs_weapons/ffs_3_ar/ffs_ak47/ffs_ak47_1.activeitem.patch
/ffs_weapons/ffs_3_ar/ffs_ak74/ffs_ak74_1.activeitem.patch
/ffs_weapons/ffs_3_ar/ffs_aps-legendary/ffs_aps_1.activeitem.patch
/ffs_weapons/ffs_3_ar/ffs_ar15/ffs_ar15_1.activeitem.patch
/ffs_weapons/ffs_3_ar/ffs_fal/ffs_fal_1.activeitem.patch
/ffs_weapons/ffs_3_ar/ffs_famas/ffs_famas_1.activeitem.patch
/ffs_weapons/ffs_3_ar/ffs_g3/ffs_g3_1.activeitem.patch
/ffs_weapons/ffs_3_ar/ffs_m16/ffs_m16_1.activeitem.patch
/ffs_weapons/ffs_3_ar/ffs_m4a1-legendary/ffs_m4a1_1.activeitem.patch
/ffs_weapons/ffs_3_dmr/ffs_ar15dmr/ffs_ar15dmr_1.activeitem.patch
/ffs_weapons/ffs_3_dmr/ffs_g36/ffs_g36_1.activeitem.patch
/ffs_weapons/ffs_3_dmr/ffs_g36/ffs_g36_auto.activeitem.patch
/ffs_weapons/ffs_3_dmr/ffs_garand-legendary/ffs_garand_1.activeitem.patch
/ffs_weapons/ffs_3_dmr/ffs_hk417/ffs_hk417_1.activeitem.patch
/ffs_weapons/ffs_3_dmr/ffs_m14/ffs_m14_1.activeitem.patch
/ffs_weapons/ffs_3_dmr/ffs_sa80/ffs_sa80_1.activeitem.patch
/ffs_weapons/ffs_3_dmr/ffs_sa80/ffs_sa80_auto.activeitem.patch
/ffs_weapons/ffs_3_dmr/ffs_steyr/ffs_steyr_1.activeitem.patch
/ffs_weapons/ffs_3_dmr/ffs_steyr/ffs_steyr_auto.activeitem.patch
/ffs_weapons/ffs_3_dmr/ffs_svd/ffs_svd_1.activeitem.patch
/ffs_weapons/ffs_3_dmr/ffs_vss/ffs_vss_1.activeitem.patch
/ffs_weapons/ffs_3_smg/ffs_arblizzard/ffs_arblizzard.activeitem.patch
/ffs_weapons/ffs_3_smg/ffs_FT8/ffs_FT8.activeitem.patch
/ffs_weapons/ffs_3_smg/ffs_LR-15 C/ffs_LR15 C.activeitem.patch
/ffs_weapons/ffs_3_smg/ffs_Striker/ffs_Striker.activeitem.patch
/ffs_weapons/ffs_3_smg/ffs_StrikerBK/ffs_StrikerBK.activeitem.patch
/ffs_weapons/ffs_4_ar/ffs_FMFirelance/ffs_FMFirelance.activeitem.patch
/ffs_weapons/ffs_4_ar/ffs_LR15/ffs_LR15.activeitem.patch
/ffs_weapons/ffs_4_ar/ffs_LR15BK/ffs_LR15BK.activeitem.patch
/ffs_weapons/ffs_4_ar/ffs_M36Kantrael/ffs_M36Kantrael.activeitem.patch
/ffs_weapons/ffs_4_ar/ffs_makeshiftautorifle/ffs_makeshiftautorifle.activeitem.patch
/ffs_weapons/ffs_4_ar/ffs_makeshiftsinperrifle/ffs_makeshiftsinperrifle.activeitem.patch
/ffs_weapons/ffs_4_ar/ffs_PlusRifle/ffs_PlusRifle.activeitem.patch
/ffs_weapons/ffs_4_ar/ffs_RAR/ffs_RAR.activeitem.patch
/ffs_weapons/ffs_4_ar/ffs_RFStormSruge/ffs_RFStormSruge.activeitem.patch
/ffs_weapons/ffs_4_ar/ffs_RSR/ffs_RSR.activeitem.patch
/ffs_weapons/ffs_4_ar/ffs_Siegehammer/ffs_Siegehammer.activeitem.patch
/ffs_weapons/ffs_4_ar/ffs_SPR/ffs_SPR.activeitem.patch
/ffs_weapons/ffs_4_ar/ffs_Suppressor/ffs_Suppressor.activeitem.patch
/ffs_weapons/ffs_4_ar/ffs_SuppressorBK/ffs_SuppressorBK.activeitem.patch
/ffs_weapons/ffs_4_lmg/ffs_hk21/ffs_hk21_1.activeitem.patch
/ffs_weapons/ffs_4_lmg/ffs_m249/ffs_m249_1.activeitem.patch
/ffs_weapons/ffs_4_lmg/ffs_m60/ffs_m60_1.activeitem.patch
/ffs_weapons/ffs_4_lmg/ffs_negev/ffs_negev_1.activeitem.patch
/ffs_weapons/ffs_4_lmg/ffs_pkm/ffs_pkm_1.activeitem.patch
/ffs_weapons/ffs_4_lmg/ffs_rpk/ffs_rpk_1.activeitem.patch
/ffs_weapons/ffs_4_lmg/ffs_ultimax100/ffs_ultimax100_1.activeitem.patch
/ffs_weapons/ffs_4_sr/ffs_aw/ffs_aw_1.activeitem.patch
/ffs_weapons/ffs_4_sr/ffs_barrett-legendary/ffs_barrett_1.activeitem.patch
/ffs_weapons/ffs_4_sr/ffs_dsr/ffs_dsr_1.activeitem.patch
/ffs_weapons/ffs_4_sr/ffs_iws2000-legendary/ffs_iws2000_1.activeitem.patch
/ffs_weapons/ffs_4_sr/ffs_m24/ffs_m24_1.activeitem.patch
/ffs_weapons/ffs_4_sr/ffs_mosin/ffs_mosin_1.activeitem.patch
/ffs_weapons/ffs_4_sr/ffs_psg/ffs_psg_1.activeitem.patch
/ffs_weapons/ffs_4_sr/ffs_wa2000/ffs_wa2000_1.activeitem.patch
/ffs_weapons/ffs_5_at/ffs_at4/ffs_at4_1.activeitem.patch
/ffs_weapons/ffs_5_at/ffs_carlgustaf/ffs_carlgustaf_1.activeitem.patch
/ffs_weapons/ffs_5_at/ffs_law/ffs_law_1.activeitem.patch
/ffs_weapons/ffs_5_at/ffs_m202flash/ffs_m202flash_1.activeitem.patch
/ffs_weapons/ffs_5_at/ffs_rpg7/ffs_rpg7_1.activeitem.patch
/ffs_weapons/ffs_5_at/ffs_rpg7/ffs_rpg7_2.activeitem.patch
/ffs_weapons/ffs_5_at/ffs_smaw/ffs_smaw_1.activeitem.patch
/ffs_weapons/ffs_5_mg/ffs_AG556/ffs_AG556.activeitem.patch
/ffs_weapons/ffs_5_mg/ffs_MGHailstorm/ffs_MGHailstorm.activeitem.patch
/ffs_weapons/ffs_8_at/ffs_AFP/ffs_AFP.activeitem.patch
/ffs_weapons/ffs_8_at/ffs_aigm129/ffs_aigm129.activeitem.patch
/ffs_weapons/ffs_8_at/ffs_aigm129_AT/ffs_aigm129_AT.activeitem.patch
/ffs_weapons/ffs_8_at/ffs_AT15/ffs_aigm129_AT.activeitem.patch
/interface/confirmation/teleportconfirmation.config.patch
/ffs_weapons/ffs_8_at/ffs_GL79/ffs_GL79.activeitem.patch
/ffs_weapons/ffs_8_at/ffs_MGL25/ffs_MGL25.activeitem.patch
/ffs_weapons/ffs_8_at/ffs_PL10/ffs_PL10.activeitem.patch
/ffs_weapons/ffs_8_at/ffs_FBFH/ffs_FBFH.activeitem.patch
/interface/games/fossilgame/fossilgamegui.config.patch
/interface/windowconfig/keybindingsmenu.config.patch
/items/categories.config.patch
/items/active/grapplinghooks/climbingrope/climbingrope.activeitem.patch
/items/active/grapplinghooks/grapplinghook/grapplinghook.activeitem.patch
/items/active/unsorted/oredetector/cavedetector.activeitem.patch
/items/active/weapons/boomerang/boomerang.activeitem.patch
/items/active/weapons/boomerang/fireboomerang.activeitem.patch
/items/active/weapons/boomerang/iceboomerang.activeitem.patch
/items/active/weapons/boomerang/lunarang.activeitem.patch
/items/active/weapons/boomerang/wormerang.activeitem.patch
/items/active/weapons/bossdrop/soluskatana/soluskatana.activeitem.patch
/items/active/weapons/chakram/chakram.activeitem.patch
/items/active/weapons/chakram/hardchakram.activeitem.patch
/items/active/weapons/chakram/neochakram.activeitem.patch
/items/active/weapons/chakram/sawchakram.activeitem.patch
/items/active/weapons/fist/boxingglove.activeitem.patch
/items/active/weapons/fist/brassknuckles.activeitem.patch
/items/active/weapons/fist/clawglove.activeitem.patch
/items/active/weapons/fist/gauntlet.activeitem.patch
/items/active/weapons/fist/stunglove.activeitem.patch
/items/active/weapons/fist/supernovaglove.activeitem.patch
/items/active/weapons/fist/vinefist.activeitem.patch
/items/active/weapons/melee/spear/darkspear.activeitem
/items/active/weapons/melee/spear/ultralance.activeitem
/items/active/weapons/melee/spear/jaggedGranite.activeitem
/items/active/weapons/Saturn Baton Gun/saturnBatonBee.activeitem.patch
/items/active/weapons/Saturn Baton Gun/saturnBatonChaos.activeitem.patch
/items/active/weapons/Saturn Baton Gun/saturnBatonFire.activeitem.patch
/items/active/weapons/Saturn Baton Gun/saturnBatonGreen.activeitem.patch
/items/active/weapons/Saturn Baton Gun/saturnBatonIce.activeitem.patch
/items/active/weapons/Saturn Baton Gun/saturnBatonitemmagnet.activeitem.patch
/items/active/weapons/Saturn Baton Gun/saturnBatonpush.activeitem.patch
/items/active/weapons/Saturn Baton Gun/saturnBatonT1.activeitem.patch
/items/active/weapons/Saturn Baton Gun/saturnBatonT1b.activeitem.patch
/items/active/weapons/Saturn Baton Gun/saturnBatonT2.activeitem.patch
/items/active/weapons/Saturn Baton Gun/saturnBatonT2b.activeitem.patch
/items/active/weapons/Saturn Baton Gun/saturnBatonT3.activeitem.patch
/items/active/weapons/Saturn Baton Gun/saturnBatonT3b.activeitem.patch
/items/active/weapons/Saturn Baton Gun/saturnBatonT3c.activeitem.patch
/items/active/weapons/Saturn Baton Gun/saturnBatonT4.activeitem.patch
/items/active/weapons/Saturn Baton Gun/saturnBatonT4b.activeitem.patch
/items/active/weapons/Saturn Baton Gun/saturnBatonT5.activeitem.patch
/items/active/weapons/Saturn Baton Gun/saturnBatonT5b.activeitem.patch
/items/active/weapons/Saturn Baton Gun/saturnBatonT6.activeitem.patch
/items/active/weapons/Saturn Baton Gun/saturnBatonT6b.activeitem.patch
/items/active/weapons/Saturn Baton Gun/saturnBatonT6c.activeitem.patch
/items/active/weapons/whip/energywhip.activeitem.patch
/items/active/weapons/whip/ropewhip.activeitem.patch
/items/active/weapons/whip/vinewhip.activeitem.patch
/items/active/weapons/whip/intestinewhip.activeitem.patch
/items/buildscripts/weaponabilities.config.patch
/items/throwables/bomb.thrownitem.patch
/items/throwables/flare.thrownitem.patch
/items/throwables/glowbomb.thrownitem.patch
/items/throwables/glowstickblue.thrownitem.patch
/items/throwables/glowstickgreen.thrownitem.patch
/items/throwables/glowstickorange.thrownitem.patch
/items/throwables/glowstickyellow.thrownitem.patch
/items/throwables/molotov.thrownitem.patch
/items/throwables/snowflakeshuriken.thrownitem.patch
/items/throwables/thorngrenade.thrownitem.patch
/items/throwables/throwingdagger.thrownitem.patch
/items/throwables/throwingknife.thrownitem.patch
/items/throwables/throwingkunai.thrownitem.patch
/items/throwables/throwingstar.thrownitem.patch
/items/tools/flashlight.flashlight.patch
/items/tools/greenflashlight.flashlight.patch
/items/tools/redflashlight.flashlight.patch
/items/tools/miningtools/beamaxeX.beamaxe.patch
/items/tools/yellowflashlight.flashlight.patch
/items/tools/miningtools/beamaxe.beamaxe.patch
/items/tools/miningtools/copperdrill.miningtool.patch
/items/tools/miningtools/diamondpickaxe.miningtool.patch
/items/tools/miningtools/fishaxe.miningtool.patch
/items/tools/miningtools/diamondrill.miningtool.patch
/items/tools/miningtools/copperpickaxe.miningtool.patch
/items/tools/miningtools/laserminer.miningtool.patch
/items/tools/miningtools/golddrill.miningtool.patch
/items/tools/miningtools/goldpickaxe.miningtool.patch
/items/tools/miningtools/fossiltool.miningtool.patch
/items/tools/miningtools/pickaxe.miningtool.patch
/items/tools/miningtools/platinumdrill.miningtool.patch
/items/tools/miningtools/platinumpickaxe.miningtool.patch
/items/tools/miningtools/superfishaxe.miningtool.patch
/items/tools/miningtools/silverpickaxe.miningtool.patch
/items/tools/miningtools/silverdrill.miningtool.patch
/leveling/levelingmultipliers.functions.patch
/leveling/protection.2functions.patch
/monsters/boss/apeboss/apeboss.monstertype.patch
/monsters/boss/apebossprojector/apebossprojector.monstertype.patch
/monsters/boss/crystalboss/crystalboss.monstertype.patch
/monsters/boss/cultistboss/cultistboss.monstertype.patch
/monsters/boss/dragonboss/dragonboss.monstertype.patch
/monsters/boss/eyeboss/eyeboss.monstertype.patch
/monsters/boss/ffs0_3boss/ffs0_3boss.monstertype.patch
/monsters/boss/ffs0_3boss/ffs1_0boss.monstertype.patch
/monsters/boss/ffs0_4boss/ffs0_4boss.monstertype.patch
/monsters/boss/ffs0_hiddenboss/ffs0_hiddenboss.monstertype.patch
/monsters/boss/ffs0_hiddenmidboss/ffs0_hiddenmidboss.monstertype.patch
/monsters/boss/ffs0_lastboss/ffs0_lastboss.monstertype.patch
/monsters/boss/ffs1_lastboss/ffs1_lastboss.monstertype.patch
/monsters/boss/guardianboss/electricguardianboss.monstertype.patch
/monsters/boss/penguin/general.monstertype.patch
/monsters/boss/guardianboss/fireguardianboss.monstertype.patch
/monsters/boss/kluexboss/kluexboss.monstertype.patch
/monsters/boss/kluexbossstatue/kluexbossstatue.monstertype.patch
/monsters/boss/guardianboss/iceguardianboss.monstertype.patch
/monsters/boss/guardianboss/poisonguardianboss.monstertype.patch
/monsters/boss/penguin/rocketTrooper.monstertype.patch
/monsters/boss/penguin/trooper.monstertype.patch
/monsters/boss/penguinMiniUfo/penguinMiniUfo.monstertype.patch
/monsters/boss/penguinUfo/penguinUfo.monstertype.patch
/monsters/boss/robotboss/robotboss.monstertype.patch
/monsters/boss/shoggoth/shoggoth.monstertype.patch
/monsters/boss/spiderboss/spiderboss.monstertype.patch
/monsters/crawlers/crustoise/crustoise.monstertype.patch
/monsters/crawlers/crustoiseish/crustoiseish.monstertype.patch
/monsters/crawlers/eyejellies/eyejellyroller/eyejellyroller.monstertype.patch
/monsters/crawlers/fuallergen/fuallergen.monstertype.patch
/monsters/crawlers/fuallergen/fuallergen2.monstertype.patch
/monsters/crawlers/fuallergen/fuallergen3.monstertype.patch
/monsters/crawlers/fumechspider/fumechspider.monstertype.patch
/monsters/crawlers/futentaclebarrier/futentaclebarrier.monstertype.patch
/monsters/crawlers/iguarmor/iguarmor.monstertype.patch
/monsters/crawlers/oculob/oculob.monstertype.patch
/monsters/crawlers/pulpin/pulpin.monstertype.patch
/monsters/crawlers/snaggler/snaggler.monstertype.patch
/monsters/crawlers/tentaclecrawler/tentaclecrawler.monstertype.patch
/monsters/crawlers/tintic/tintic.monstertype.patch
/monsters/crawlers/toxin/toxin.monstertype.patch
/monsters/crawlers/toxinthird/toxinthird.monstertype.patch
/monsters/crawlers/triplod/triplod.monstertype.patch
/monsters/crawlers/triplod/triplodpet.monstertype.patch
/monsters/crawlers/volpin/volpin.monstertype.patch
/monsters/crawlers/zapin/zapin.monstertype.patch
/monsters/dungeon/apexbrainmutant/apexbrainmutant.monstertype.patch
/monsters/dungeon/apexmutant/apexmutant.monstertype.patch
/monsters/dungeon/cleaningbot/cleaningbot.monstertype.patch
/monsters/dungeon/floki/floki.monstertype.patch
/monsters/dungeon/fumoontant/fumoontant.monstertype.patch
/monsters/dungeon/giftmonster/giftmonster.monstertype.patch
/monsters/crawlers/triplodish/spiderwalker/spiderwalker.monstertype.patch
/monsters/dungeon/giftmonster/giftmonstersmall.monstertype.patch
/monsters/crawlers/triplodish/spiderwalker/spiderwalker2pet.monstertype.patch
/monsters/crawlers/triplodish/spiderwalker/spiderwalker2.monstertype.patch
/monsters/crawlers/triplodish/spiderwalker/spiderwalkerpet.monstertype.patch
/monsters/dungeon/glitchknight/glitchknight.monstertype.patch
/monsters/dungeon/glitchspider/glitchspider.monstertype.patch
/monsters/dungeon/pinfriend/pinfriend.monstertype.patch
/monsters/dungeon/po/megapo.monstertype.patch
/monsters/dungeon/po/micropo.monstertype.patch
/monsters/dungeon/po/po.monstertype.patch
/monsters/dungeon/pogolem/pogolem.monstertype.patch
/monsters/dungeon/repairbot/repairbot.monstertype.patch
/monsters/dungeon/serpentdroid/deathdroidpet.monstertype.patch
/monsters/dungeon/serpentdroid/serpentdroid.monstertype.patch
/monsters/dungeon/sewerfly/sewerfly.monstertype.patch
/monsters/dungeon/starspawns/starspawn/starspawn.monstertype.patch
/monsters/dungeon/starspawns/starspawn2/starspawn2.monstertype.patch
/monsters/dungeon/starspawns/starspawn3/starspawn3.monstertype.patch
/monsters/dungeon/starspawns/starspawn4/starspawn4.monstertype.patch
/monsters/dungeon/swarpion/swarpion.monstertype.patch
/monsters/ffs0_demon_1/ffs0_demon_1.monstertype.patch
/monsters/ffs0_demon_2/ffs0_demon_2.monstertype.patch
/monsters/ffs0_demon_3/ffs0_demon_3.monstertype.patch
/monsters/ffs0_demon_4/ffs0_demon_4.monstertype.patch
/monsters/ffs_parasite/ffs_parasite.monstertype.patch
/monsters/ffs_pirates/ffs_pirates_1_left.monstertype.patch
/monsters/ffs_pirates/ffs_pirates_1_right.monstertype.patch
/monsters/ffs_pirates/ffs_pirates_2_left.monstertype.patch
/monsters/ffs_pirates/ffs_pirates_2_right.monstertype.patch
/monsters/ffs_pirates/ffs_pirates_3_left.monstertype.patch
/monsters/ffs_pirates/ffs_pirates_3_right.monstertype.patch
/monsters/ffs_pirates_aircraft/ffs_pirates_aircraft.monstertype.patch
/monsters/ffs_pirates_psycho/ffs_pirates_psycho_left.monstertype.patch
/monsters/ffs_pirates_psycho/ffs_pirates_psycho_right.monstertype.patch
/monsters/ffs_pirates_sniper/ffs_pirates_sniper_left.monstertype.patch
/monsters/ffs_pirates_trooper/ffs_pirates_trooper_left.monstertype.patch
/monsters/ffs_pirates_trooper/ffs_pirates_trooper_right.monstertype.patch
/monsters/ffs_pirates_sniper/ffs_pirates_sniper_right.monstertype.patch
/monsters/ffs_zombie_scientist/ffs_zombie_scientist.monstertype.patch
/monsters/ffs_pirates_zealot/ffs_pirates_zealot.monstertype.patch
/monsters/ffs_pirates_zealot2nd/ffs_pirates_zealot2nd.monstertype.patch
/monsters/fish/deathjelly/deathjelly.monstertype.patch
/monsters/ffs_pirates_zealot3rd/ffs_pirates_zealot3rd.monstertype.patch
/monsters/ffs_zombie_srs/ffs_zombie_srs_left.monstertype.patch
/monsters/ffs_zombie_srs/ffs_zombie_srs_right.monstertype.patch
/monsters/fish/dolphins/1/dolphin1.monstertype.patch
/monsters/flyers/agrobat/agrobat.monstertype.patch
/monsters/flyers/batong/batong.monstertype.patch
/monsters/flyers/bobfae/bobfae.monstertype.patch
/monsters/flyers/eyejellies/eyejelly/eyejelly.monstertype.patch
/monsters/flyers/eyejellies/eyejellyking/eyejellyking.monstertype.patch
/monsters/flyers/eyejellies/eyejellykingspawn/eyejellykingspawn.monstertype.patch
/monsters/flyers/eyejellies/eyeslime/eyeslime.monstertype.patch
/monsters/flyers/eyejellies/eyeslimeking/eyeslimeking.monstertype.patch
/monsters/flyers/eyejellies/eyeslimekingspawn/eyeslimekingspawn.monstertype.patch
/monsters/flyers/fearmoth/fearmoth.monstertype.patch
/monsters/flyers/fleshreaper/fleshreaper.monstertype.patch
/monsters/flyers/fleshreaperish/fleshreaper2/fleshreaper2.monstertype.patch
/monsters/flyers/fleshreaperish/fleshreaper3/fleshreaper3.monstertype.patch
/monsters/flyers/fublackbat/fublackbat.monstertype.patch
/monsters/flyers/fucorruptfly/fucorruptfly.monstertype.patch
/monsters/flyers/fucorruptfly/fucorruptflylarge.monstertype.patch
/monsters/flyers/fugiantbees/fugiantbee/fuevilbee.monstertype.patch
/monsters/flyers/fugiantbees/fugiantbee/fugiantbee.monstertype.patch
/monsters/flyers/fugiantbees/fugiantbee/fugiantbee2.monstertype.patch
/monsters/flyers/fugiantbees/fugianterchiusbee/fugianterchiusbee.monstertype.patch
/monsters/flyers/fugiantbees/fugiantmetalbee/fugiantmetalbee.monstertype.patch
/monsters/flyers/fugiantbees/fugiantmetalbee/fugiantmetalbee2.monstertype.patch
/monsters/flyers/fugiantbees/fugiantredbee/fugiantredbee.monstertype.patch
/monsters/flyers/fugiantbees/fugiantredbee/fugiantredbee2.monstertype.patch
/monsters/flyers/futinybee/futinybee/futinybee.monstertype.patch
/monsters/flyers/futinybee/futinybee/futinybee2.monstertype.patch
/monsters/flyers/futinybee/futinybeeerchius/futinybeeerchius.monstertype.patch
/monsters/flyers/futinybee/futinybeemetal/futinybeemetal.monstertype.patch
/monsters/flyers/futinybee/futinybeered/futinybeered.monstertype.patch
/monsters/flyers/futinybee/futinybeered/futinybeered2.monstertype.patch
/monsters/flyers/futoxicfly/futoxicfly.monstertype.patch
/monsters/flyers/futoxicfly/futoxicflylarge.monstertype.patch
/monsters/flyers/gasbag/gasbag.monstertype.patch
/monsters/flyers/gasbag/gasbag2.monstertype.patch
/monsters/flyers/horrors/horror/horror.monstertype.patch
/monsters/flyers/horrors/horror2/horror2.monstertype.patch
/monsters/flyers/monopus/monopus.monstertype.patch
/monsters/flyers/nanoswarm/nanoswarm.monstertype.patch
/monsters/flyers/ocumera/ocumera.monstertype.patch
/monsters/flyers/parasprite/parasprite.monstertype.patch
/monsters/flyers/paratail/paratail.monstertype.patch
/monsters/flyers/pteropod/pteropod.monstertype.patch
/monsters/flyers/pteropodish/aquapod/aquapodflyer.monstertype.patch
/monsters/flyers/pteropodish/cryopod/cryopod.monstertype.patch
/monsters/flyers/pteropodish/electropod/electropod.monstertype.patch
/monsters/flyers/pteropodish/pteropod2/pteropod2.monstertype.patch
/monsters/flyers/pteropodish/pteropod3/pteropod3.monstertype.patch
/monsters/flyers/pteropodish/pyropod/pyropod.monstertype.patch
/monsters/flyers/scandroid/scandroid.monstertype.patch
/monsters/flyers/sentryminidrone1/sentryminidrone1.monstertype.patch
/monsters/flyers/sentryminidrone2/sentryminidrone2.monstertype.patch
/monsters/flyers/servitor/servitor.monstertype.patch
/monsters/flyers/servitors/servitor2.monstertype.patch
/monsters/flyers/servitors/servitor3.monstertype.patch
/monsters/flyers/servitors/servitor4.monstertype.patch
/monsters/flyers/servitors/servitorcomboscan3.monstertype.patch
/monsters/flyers/servitors/capturebot/servitorcapturebot.monstertype.patch
/monsters/flyers/servitors/miningdrone/minindrone1.monstertype.patch
/monsters/flyers/servitors/miningdrone/minindrone2.monstertype.patch
/monsters/flyers/servitors/miningdrone/minindrone3.monstertype.patch
/monsters/flyers/shadowbat/shadowbat.monstertype.patch
/monsters/flyers/skywhale/skywhale.monstertype.patch
/monsters/flyers/squidbeast/squidbeast.monstertype.patch
/monsters/flyers/tentaclebomb/tentaclebomb.monstertype.patch
/monsters/flyers/tentaclegnat/tentaclegnat.monstertype.patch
/monsters/flyers/tentaclespawner/tentaclespawner.monstertype.patch
/monsters/flyers/tentaclespawnerish/tentaclespawner2.monstertype.patch
/monsters/generated/flying/bonebird/bonebird.monstertype.patch
/monsters/generated/flying/largeflying/largeflying.monstertype.patch
/monsters/generated/flying/largeflying/largeflyingminiboss.monstertype.patch
/monsters/generated/flying/smallflying/smallflying.monstertype.patch
/monsters/generated/flying/smallflying/smallflying2.monstertype.patch
/monsters/generated/flying/smallflying/smallflying3.monstertype.patch
/monsters/generated/flying/smallflying/smallflying4.monstertype.patch
/monsters/generated/flying/smallflying/smallflying5.monstertype.patch
/monsters/generated/ground/hugebiped/hugebiped.monstertype.patch
/monsters/generated/ground/largebiped/largebiped.monstertype.patch
/monsters/generated/ground/largebiped/largebiped2.monstertype.patch
/monsters/generated/ground/largebiped/largebiped3.monstertype.patch
/monsters/generated/ground/largebiped/largebipedminiboss.monstertype.patch
/monsters/generated/ground/largequadruped/largequadruped.monstertype.patch
/monsters/generated/ground/largequadruped/largequadrupedminiboss.monstertype.patch
/monsters/generated/ground/smallbiped/smallbiped.monstertype.patch
/monsters/generated/ground/smallbiped/smallbiped2.monstertype.patch
/monsters/generated/ground/smallquadruped/smallquadruped.monstertype.patch
/monsters/generated/swimming/largefish/largefish.monstertype.patch
/monsters/ghosts/debugsphere/debugsphere.monstertype.patch
/monsters/ghosts/doomspirit/doomspirit.monstertype.patch
/monsters/ghosts/erchiusghost/erchiusghost.monstertype.patch
/monsters/ghosts/erchiusghost2/erchiusghost2.monstertype.patch
/monsters/ghosts/eyejelly2/eyejelly2.monstertype.patch
/monsters/ghosts/gosmet/gosmet.monstertype.patch
/monsters/ghosts/ignome/ignome.monstertype.patch
/monsters/ghosts/lumoth/lumoth.monstertype.patch
/monsters/ghosts/nautileech/nautileech.monstertype.patch
/monsters/ghosts/peacekeeperdrone/peacekeeperdrone.monstertype.patch
/monsters/ghosts/pyromantle/pyromantle.monstertype.patch
/monsters/ghosts/pyromantleish/aquamantle/aquamantle.monstertype.patch
/monsters/ghosts/skimbus/skimbus.monstertype.patch
/monsters/ghosts/spookit/spookit.monstertype.patch
/monsters/ghosts/squeem/squeem.monstertype.patch
/monsters/ghosts/tentacleghost/tentacleghost.monstertype.patch
/monsters/ghosts/tideworm/tideworm.monstertype.patch
/monsters/ghosts/wisper/wisper.monstertype.patch
/monsters/ghosts/wisperish/crisper/crisper.monstertype.patch
/monsters/ghosts/wisperish/wattsper/wattsper.monstertype.patch
/monsters/ghosts/wisperish/wisper7/wisper7.monstertype.patch
/monsters/ghosts/wormbeast/wormbeast.monstertype.patch
/monsters/mission/ixoling/ixoling.monstertype.patch
/monsters/mission/bigapehologram/bigapehologram.monstertype.patch
/monsters/mission/helicultist/helicultist.monstertype.patch
/monsters/mission/ballista/ballista.monstertype.patch
/monsters/mission/kluexsentry/kluexsentry.monstertype.patch
/monsters/mission/kluextotem/kluextotem.monstertype.patch
/monsters/mission/minidrone/minidrone.monstertype.patch
/monsters/mission/moontant/moontant.monstertype.patch
/monsters/segmented/burrowers/aegisaltburrower/aegisalt_burrower.monstertype.patch
/monsters/segmented/burrowers/aegisaltburrower/aegisalt_burrower_segment.monstertype.patch
/monsters/segmented/burrowers/aegisaltburrower/aegisalt_burrower_segment_empty.monstertype.patch
/monsters/segmented/burrowers/aegisaltburrower/aegisalt_burrower_tail.monstertype.patch
/monsters/segmented/burrowers/berliniteburrower/berlinite_burrower.monstertype.patch
/monsters/segmented/burrowers/berliniteburrower/berlinite_burrower_segment.monstertype.patch
/monsters/segmented/burrowers/berliniteburrower/berlintie_burrower_tail.monstertype.patch
/monsters/segmented/burrowers/copperburrower/copper_burrower.monstertype.patch
/monsters/segmented/burrowers/copperburrower/copper_burrower_segment.monstertype.patch
/monsters/segmented/burrowers/copperburrower/copper_burrower_tail.monstertype.patch
/monsters/segmented/burrowers/corefragmentburrower/corefragment_burrower.monstertype.patch
/monsters/segmented/burrowers/corefragmentburrower/corefragment_burrower_segment.monstertype.patch
/monsters/segmented/burrowers/corefragmentburrower/corefragment_burrower_tail.monstertype.patch
/monsters/segmented/burrowers/densinium_burrower/densinium_burrower.monstertype.patch
/monsters/segmented/burrowers/densinium_burrower/densinium_burrower_segment.monstertype.patch
/monsters/segmented/burrowers/densinium_burrower/densinium_burrower_tail.monstertype.patch
/monsters/segmented/burrowers/diamondburrower/diamond_burrower.monstertype.patch
/monsters/segmented/burrowers/diamondburrower/diamond_burrower_segment.monstertype.patch
/monsters/segmented/burrowers/direstoneburrower/direstone_burrower.monstertype.patch
/monsters/segmented/burrowers/diamondburrower/diamond_burrower_tail.monstertype.patch
/monsters/segmented/burrowers/direstoneburrower/direstone_burrower_segment.monstertype.patch
/monsters/segmented/burrowers/dirtburrower/dirt_burrower.monstertype.patch
/monsters/segmented/burrowers/direstoneburrower/direstone_burrower_tail.monstertype.patch
/monsters/segmented/burrowers/durasteelburrower/durasteel_burrower.monstertype.patch
/monsters/segmented/burrowers/dirtburrower/dirt_burrower_tail.monstertype.patch
/monsters/segmented/burrowers/dirtburrower/dirt_burrower_segment.monstertype.patch
/monsters/segmented/burrowers/durasteelburrower/durasteel_burrower_segment.monstertype.patch
/monsters/segmented/burrowers/durasteelburrower/durasteel_burrower_tail.monstertype.patch
/monsters/segmented/burrowers/feroziumburrower/ferozium_burrower.monstertype.patch
/monsters/segmented/burrowers/feroziumburrower/ferozium_burrower_segment.monstertype.patch
/monsters/segmented/burrowers/feroziumburrower/ferozium_burrower_segment_empty.monstertype.patch
/monsters/segmented/burrowers/feroziumburrower/ferozium_burrower_tail.monstertype.patch
/monsters/segmented/burrowers/goldburrower/gold_burrower.monstertype.patch
/monsters/segmented/burrowers/goldburrower/gold_burrower_segment.monstertype.patch
/monsters/segmented/burrowers/goldburrower/gold_burrower_tail.monstertype.patch
/monsters/segmented/burrowers/ironburrower/iron_burrower.monstertype.patch
/monsters/segmented/burrowers/ironburrower/iron_burrower_segment.monstertype.patch
/monsters/segmented/burrowers/ironburrower/iron_burrower_tail.monstertype.patch
/monsters/segmented/burrowers/irradiumburrower/irradium_burrower.monstertype.patch
/monsters/segmented/burrowers/irradiumburrower/irradium_burrower_segment.monstertype.patch
/monsters/segmented/burrowers/irradiumburrower/irradium_burrower_tail.monstertype.patch
/monsters/segmented/burrowers/isogenburrower/isogen_burrower.monstertype.patch
/monsters/segmented/burrowers/isogenburrower/isogen_burrower_segment.monstertype.patch
/monsters/segmented/burrowers/isogenburrower/isogen_burrower_tail.monstertype.patch
/monsters/segmented/burrowers/leadburrower/lead_burrower.monstertype.patch
/monsters/segmented/burrowers/leadburrower/lead_burrower_segment.monstertype.patch
/monsters/segmented/burrowers/leadburrower/lead_burrower_tail.monstertype.patch
/monsters/segmented/burrowers/lunariburrower/lunari_burrower.monstertype.patch
/monsters/segmented/burrowers/lunariburrower/lunari_burrower_segment.monstertype.patch
/monsters/segmented/burrowers/lunariburrower/lunari_burrower_tail.monstertype.patch
/monsters/segmented/burrowers/magnesiumburrower/magnesium_burrower.monstertype.patch
/monsters/segmented/burrowers/magnesiumburrower/magnesium_burrower_segment.monstertype.patch
/monsters/segmented/burrowers/magnesiumburrower/magnesium_burrower_tail.monstertype.patch
/monsters/segmented/burrowers/mascagniteburrower/mascagnite_burrower.monstertype.patch
/monsters/segmented/burrowers/mascagniteburrower/mascagnite_burrower_segment.monstertype.patch
/monsters/segmented/burrowers/mascagniteburrower/mascagnite_burrower_tail.monstertype.patch
/monsters/segmented/burrowers/moonstoneburrower/moonstone_burrower.monstertype.patch
/monsters/segmented/burrowers/moonstoneburrower/moonstone_burrower_segment.monstertype.patch
/monsters/segmented/burrowers/moonstoneburrower/moonstone_burrower_tail.monstertype.patch
/monsters/segmented/burrowers/neptuniumburrower/neptunium_burrower.monstertype.patch
/monsters/segmented/burrowers/neptuniumburrower/neptunium_burrower_segment.monstertype.patch
/monsters/segmented/burrowers/neptuniumburrower/neptunium_burrower_tail.monstertype.patch
/monsters/segmented/burrowers/penumbriteburrower/penumbrite_burrower.monstertype.patch
/monsters/segmented/burrowers/penumbriteburrower/penumbrite_burrower_segment.monstertype.patch
/monsters/segmented/burrowers/penumbriteburrower/penumbrite_burrower_tail.monstertype.patch
/monsters/segmented/burrowers/platinumburrower/platinum_burrower_segment.monstertype.patch
/monsters/segmented/burrowers/platinumburrower/platinum_burrower_tail.monstertype.patch
/monsters/segmented/burrowers/platinumburrower/platnium_burrower.monstertype.patch
/monsters/segmented/burrowers/plutoniumburrower/plutonium_burrower.monstertype.patch
/monsters/segmented/burrowers/plutoniumburrower/plutonium_burrower_segment.monstertype.patch
/monsters/segmented/burrowers/plutoniumburrower/plutonium_burrower_tail.monstertype.patch
/monsters/segmented/burrowers/prisiliteburrower/prisilite_burrower.monstertype.patch
/monsters/segmented/burrowers/prisiliteburrower/prisilite_burrower_segment.monstertype.patch
/monsters/segmented/burrowers/prisiliteburrower/prisilite_burrower_tail.monstertype.patch
/monsters/segmented/burrowers/protociteburrower/protocite_burrower.monstertype.patch
/monsters/segmented/burrowers/protociteburrower/protocite_burrower_tail.monstertype.patch
/monsters/segmented/burrowers/protociteburrower/protocite_burrower_segment.monstertype.patch
/monsters/segmented/burrowers/pyreiteburrower/pyreite_burrower.monstertype.patch
/monsters/segmented/burrowers/pyreiteburrower/pyreite_burrower_segment.monstertype.patch
/monsters/segmented/burrowers/pyreiteburrower/pyreite_burrower_tail.monstertype.patch
/monsters/segmented/burrowers/quietusburrower/quietus_burrower.monstertype.patch
/monsters/segmented/burrowers/quietusburrower/quietus_burrower_segment.monstertype.patch
/monsters/segmented/burrowers/quietusburrower/quietus_burrower_tail.monstertype.patch
/monsters/segmented/burrowers/silverburrower/silver_burrower.monstertype.patch
/monsters/segmented/burrowers/silverburrower/silver_burrower_segment.monstertype.patch
/monsters/segmented/burrowers/silverburrower/silver_burrower_tail.monstertype.patch
/monsters/segmented/burrowers/solariumburrower/solarium_burrower.monstertype.patch
/monsters/segmented/burrowers/solariumburrower/solarium_burrower_segment.monstertype.patch
/monsters/segmented/burrowers/solariumburrower/solarium_burrower_tail.monstertype.patch
/monsters/segmented/burrowers/stoneburrower/stone_burrower.monstertype.patch
/monsters/segmented/burrowers/stoneburrower/stone_burrower_segment.monstertype.patch
/monsters/segmented/burrowers/stoneburrower/stone_burrower_tail.monstertype.patch
/monsters/segmented/burrowers/sulphurburrower/sulphur_burrower.monstertype.patch
/monsters/segmented/burrowers/sulphurburrower/sulphur_burrower_segment.monstertype.patch
/monsters/segmented/burrowers/sulphurburrower/sulphur_burrower_tail.monstertype.patch
/monsters/segmented/burrowers/thoriumburrower/neptunium_burrower.monstertype.patch
/monsters/segmented/burrowers/thoriumburrower/thorium_burrower_segment.monstertype.patch
/monsters/segmented/burrowers/thoriumburrower/thorium_burrower_tail.monstertype.patch
/monsters/segmented/burrowers/titaniumburrower/titanium_burrower.monstertype.patch
/monsters/segmented/burrowers/titaniumburrower/titanium_burrower_segment.monstertype.patch
/monsters/segmented/burrowers/titaniumburrower/titanium_burrower_tail.monstertype.patch
/monsters/segmented/burrowers/triangliumburrower/trianglium_burrower.monstertype.patch
/monsters/segmented/burrowers/triangliumburrower/trianglium_burrower_segment.monstertype.patch
/monsters/segmented/burrowers/triangliumburrower/trianglium_burrower_tail.monstertype.patch
/monsters/segmented/burrowers/tungstenburrower/tungsten_burrower.monstertype.patch
/monsters/segmented/burrowers/tungstenburrower/tungsten_burrower_segment.monstertype.patch
/monsters/segmented/burrowers/tungstenburrower/tungsten_burrower_tail.monstertype.patch
/monsters/segmented/burrowers/uraniumburrower/uranium_burrower.monstertype.patch
/monsters/segmented/burrowers/uraniumburrower/uranium_burrower_segment.monstertype.patch
/monsters/segmented/burrowers/uraniumburrower/uranium_burrower_tail.monstertype.patch
/monsters/segmented/burrowers/violiumburrower/violium_burrower.monstertype.patch
/monsters/segmented/burrowers/violiumburrower/violium_burrower_segment.monstertype.patch
/monsters/segmented/burrowers/violiumburrower/violium_burrower_segment_empty.monstertype.patch
/monsters/segmented/burrowers/violiumburrower/violium_burrower_tail.monstertype.patch
/monsters/segmented/burrowers/xithriciteburrower/xithricite_burrower.monstertype.patch
/monsters/segmented/burrowers/xithriciteburrower/xithricite_burrower_segment.monstertype.patch
/monsters/segmented/burrowers/xithriciteburrower/xithricite_burrower_tail.monstertype.patch
/monsters/segmented/burrowers/zerchesiumburrower/zerchesium_burrower.monstertype.patch
/monsters/segmented/burrowers/zerchesiumburrower/zerchesium_burrower_segment.monstertype.patch
/monsters/segmented/burrowers/zerchesiumburrower/zerchesium_burrower_tail.monstertype.patch
/monsters/segmented/distortionsnakes/aquasnake/aquasnake.monstertype.patch
/monsters/segmented/distortionsnakes/aquasnake/aquasnakesegment.monstertype.patch
/monsters/segmented/distortionsnakes/sonicsnake/sonicesnakesegment.monstertype.patch
/monsters/segmented/distortionsnakes/sonicsnake/sonicsnake.monstertype.patch
/monsters/segmented/distortionsnakes/spheresnake/spheresnake.monstertype.patch
/monsters/segmented/distortionsnakes/spheresnake/spheresnakesegment.monstertype.patch
/monsters/segmented/distortionsnakes/spheresnake2/spheresnake2.monstertype.patch
/monsters/segmented/distortionsnakes/spheresnake2/spheresnakesegment2.monstertype.patch
/monsters/segmented/distortionsnakes/spikesnake/spikesnake.monstertype.patch
/monsters/segmented/distortionsnakes/spikesnake/spikesnakesegment.monstertype.patch
/monsters/selectors/burrower_depth_selector/burrower_depth_selector.monstertype.patch
/monsters/selectors/burrower_selector/burrower_selector.monstertype.patch
/monsters/selectors/masteroid_selector/masteroid_selector.monstertype.patch
/monsters/selectors/soft_burrower_selector/soft_burrower_selector.monstertype.patch
/monsters/space/astrofae/astrofae.monstertype.patch
/monsters/space/chiropterror/chiropterror.monstertype.patch
/monsters/space/cosmostache/cosmostache.monstertype.patch
/monsters/space/fuchiropterror/fuchiropterror.monstertype.patch
/monsters/space/fuheavydrone/fuheavydrone.monstertype.patch
/monsters/space/fuomnicannon/fuomnicannon.monstertype.patch
/monsters/space/fuomnicannon/fuomnicannon2.monstertype.patch
/monsters/space/futrifangle/futrifangle.monstertype.patch
/monsters/space/futwigun/futwigun.monstertype.patch
/monsters/space/heavydrone/heavydrone.monstertype.patch
/monsters/space/masteroid/masteroid.monstertype.patch
/monsters/space/omnicannon/omnicannon.monstertype.patch
/monsters/space/rustick/rustick.monstertype.patch
/monsters/space/masteroidlarge/masteroidlarge.monstertype.patch
/monsters/space/masteroidmid/masteroidmid.monstertype.patch
/monsters/space/spinemine/spinemine.monstertype.patch
/monsters/space/trifangle/trifangle.monstertype.patch
/monsters/space/twigun/twigun.monstertype.patch
/monsters/unique/hbeamscriptbug/hbeamscriptbug.monstertype.patch
/monsters/unique/smallshroom/smallshroom.monstertype.patch
/monsters/unique/tentaclecometspore/tentaclecometsporefu.monstertype.patch
/monsters/walkers/adultpoptop/adultpoptop.monstertype.patch
/monsters/walkers/adultpoptop/motherpoptop.monstertype.patch
/monsters/walkers/adultpoptopish/adultshadowtop/adultshadowtop.monstertype.patch
/monsters/walkers/adultpoptopish/juvenilepoptop/juvenilepoptop.monstertype.patch
/monsters/walkers/anglure/anglure.monstertype.patch
/monsters/walkers/anglureish/anglure2/anglure2.monstertype.patch
/monsters/walkers/anglureish/anglure3/anglure3.monstertype.patch
/monsters/walkers/anglureish/anglure4/anglure4.monstertype.patch
/monsters/walkers/anglureish/anglure5/anglure5.monstertype.patch
/monsters/walkers/anglureish/anglure6/anglure6.monstertype.patch
/monsters/walkers/bulbop/bulbop.monstertype.patch
/monsters/walkers/bobotish/chromabot/chromabot.monstertype.patch
/monsters/walkers/bobot/bobot.monstertype.patch
/monsters/walkers/bulbopish/bulbop2/bulbop2.monstertype.patch
/monsters/walkers/bunnything/bunnything.monstertype.patch
/monsters/walkers/capricoat/capricoat.monstertype.patch
/monsters/walkers/crabcano/crabcano.monstertype.patch
/monsters/walkers/crabcanoish/icecrab/icecrab.monstertype.patch
/monsters/walkers/crabcanoish/shadowcrab/shadowcrab.monstertype.patch
/monsters/walkers/crutter/crutter.monstertype.patch
/monsters/walkers/crutterish/crutter2/crutter2.monstertype.patch
/monsters/walkers/crutterish/crutter3/crutter3.monstertype.patch
/monsters/walkers/deepone/deepone.monstertype.patch
/monsters/walkers/derrickish/base/derrick.monstertype.patch
/monsters/walkers/fatalcircuit/fatalcircuit.monstertype.patch
/monsters/walkers/fennix/fennix.monstertype.patch
/monsters/walkers/fleshleech/fleshleech.monstertype.patch
/monsters/walkers/fleshleechish/fleshleech2/fleshleech2.monstertype.patch
/monsters/walkers/fualien/fualien.monstertype.patch
/monsters/walkers/fucaterpillar/fucaterpillar.monstertype.patch
/monsters/walkers/fufirecrab/fufirecrab.monstertype.patch
/monsters/walkers/fuheckblob/fuheckblob.monstertype.patch
/monsters/walkers/fukingsnake/fukingsnake.monstertype.patch
/monsters/walkers/furaptors/furaptor/furaptor.monstertype.patch
/monsters/walkers/furaptors/furaptor10/furaptor10.monstertype.patch
/monsters/walkers/furaptors/furaptor11/furaptor11.monstertype.patch
/monsters/walkers/furaptors/furaptor2/furaptor2.monstertype.patch
/monsters/walkers/furaptors/furaptor3/furaptor3.monstertype.patch
/monsters/walkers/furaptors/furaptor4/furaptor4.monstertype.patch
/monsters/walkers/furaptors/furaptor5/furaptor5.monstertype.patch
/monsters/walkers/furaptors/furaptor6/furaptor6.monstertype.patch
/monsters/walkers/furaptors/furaptor7/furaptor7.monstertype.patch
/monsters/walkers/furaptors/furaptor8/furaptor8.monstertype.patch
/monsters/walkers/furaptors/furaptor9/furaptor9.monstertype.patch
/monsters/walkers/furatthings/furatthing/furatthing.monstertype.patch
/monsters/walkers/giantscorpions/frostgiantscorpion/frostgiantscorpion.monstertype.patch
/monsters/walkers/fusnapper/fusnapper.monstertype.patch
/monsters/walkers/giantscorpions/blackgiantscorpion/blackgiantscorpion.monstertype.patch
/monsters/walkers/giantscorpions/bloodgiantscorpion/bloodgiantscorpion.monstertype.patch
/monsters/walkers/furatthings/furatthing2/furatthing2.monstertype.patch
/monsters/walkers/giantscorpions/fugiantscorpion/fugiantscorpion.monstertype.patch
/monsters/walkers/giantscorpions/penumbragiantscorpion/penumbragiantscorpion.monstertype.patch
/monsters/walkers/gleap/gleap.monstertype.patch
/monsters/walkers/gleapish/glarp/glarp.monstertype.patch
/monsters/walkers/gleapish/gloop/gloop.monstertype.patch
/monsters/walkers/gleapish/glump/glump.monstertype.patch
/monsters/walkers/golemish/fuashgolem/fuashgolem.monstertype.patch
/monsters/walkers/golemish/fubloodgolem/fubloodgolem.monstertype.patch
/monsters/walkers/golemish/futoxicgolem/futoxicgolem.monstertype.patch
/monsters/walkers/golemish/pogolem/pogolem.monstertype.patch
/monsters/walkers/golems/futargolem/futargolem.monstertype.patch
/monsters/walkers/golems/magmagolem/magmagolem.monstertype.patch
/monsters/walkers/golems/magmagolem/magmagolem2.monstertype.patch
/monsters/walkers/golems/magmagolem/magmagolem3.monstertype.patch
/monsters/walkers/golems/shadowgolemmini/shadowgolemmini.monstertype.patch
/monsters/walkers/golems/shadowgolem/shadowgolem.monstertype.patch
/monsters/walkers/golems/magmagolem/magmagolempet.monstertype.patch
/monsters/walkers/golems/stonegolem/stonegolem.monstertype.patch
/monsters/walkers/golems/targolem/targolem.monstertype.patch
/monsters/walkers/headcrab/headcrab.monstertype.patch
/monsters/walkers/hemogoblin/hemogoblin.monstertype.patch
/monsters/walkers/hemogoblinbutt/hemogoblinbutt.monstertype.patch
/monsters/walkers/hemogoblinhead/hemogoblinhead.monstertype.patch
/monsters/walkers/hounds/fuwolf/fuwolf.monstertype.patch
/monsters/walkers/hounds/shadowhound/shadowhound.monstertype.patch
/monsters/walkers/hypnare/hypnare.monstertype.patch
/monsters/walkers/ixolingish/ixoling2/ixoling2.monstertype.patch
/monsters/walkers/kingnutmidgeling/kingnutmidgeling.monstertype.patch
/monsters/walkers/lilodon/lilodon.monstertype.patch
/monsters/walkers/mandraflora/mandraflora.monstertype.patch
/monsters/walkers/mandrafloraish/bandraflora/bandraflora.monstertype.patch
/monsters/walkers/mandrafloraish/bandraflora2/bandraflora2.monstertype.patch
/monsters/walkers/mandrafloraish/bandraflora3/bandraflora3.monstertype.patch
/monsters/walkers/mandrafloraish/bandraflora4/bandraflora4.monstertype.patch
/monsters/walkers/minishoggoths/minishoggoth/minishog/monsters/walkers/minishoggoths/minishoggoth2/minishoggoth2.monstertype.patch

/monsters/walkers/oogler/oogler.monstertype.patch
type.patch
/monsters/walkers/orbide/orbide.monstertype.patch
/monsters/walkers/orbideish/ravager.monstertype.patch
/monsters/walkers/peblit/peblit.monstertype.patch
/monsters/walkers/peblitish/flintlit/flintlit.monstertype.patch
/monsters/walkers/peblitish/frostlit/frostlit.monstertype.patch
/monsters/walkers/petricub/petricub.monstertype.patch
/monsters/walkers/poptop/poptop.monstertype.patch
/monsters/walkers/pipkin/pipkin.monstertype.patch
/monsters/walkers/poptopish/shocktop/shocktop.monstertype.patch
/monsters/walkers/poptopish/firetop/firetop.monstertype.patch
/monsters/walkers/poptopish/frosttop/frosttop.monstertype.patch
/monsters/walkers/poptopish/shadowtop/shadowtop.monstertype.patch
/monsters/walkers/poptopish/slimetop/slimetop.monstertype.patch
/monsters/walkers/quagmutt/quagmutt.monstertype.patch
/monsters/walkers/reptar/reptar.monstertype.patch
/monsters/walkers/rex/rex.monstertype.patch
/monsters/walkers/ringram/ringram.monstertype.patch
/monsters/walkers/rotter/burntrotter/burntrotter.monstertype.patch
/monsters/walkers/rotter/frostrotter/frostrotter.monstertype.patch
/monsters/walkers/scaveran/scaveran.monstertype.patch
/monsters/walkers/seedspawn/seedspawn.monstertype.patch
/monsters/walkers/seedspawn/seedspawn2.monstertype.patch
/monsters/walkers/serpentdroidish/deathdroid/deathdroid.monstertype.patch
/monsters/walkers/serpentdroidish/deathdroid2/deathdroid2.monstertype.patch
/monsters/walkers/slimes/slime/slime.monstertype.patch
/monsters/walkers/slimes/slime/microslime/microslime.monstertype.patch
/monsters/walkers/slimes/slimeecto/ectoslime.monstertype.patch
/monsters/walkers/slimes/slimeecto/microslime/ectomicroslime.monstertype.patch
/monsters/walkers/slimes/slimemagma/magmaslime.monstertype.patch
/monsters/walkers/slimes/slimemagma/microslime/magmamicroslime.monstertype.patch
/monsters/walkers/smoglinish/rimeling/rimeling.monstertype.patch
/monsters/walkers/slimes/slimetar/microslime/tarmicroslime.monstertype.patch
/monsters/walkers/smoglin/smoglin.monstertype.patch
/monsters/walkers/slimes/slimetar/tarslime.monstertype.patch
/monsters/walkers/snaunt/snaunt.monstertype.patch
/monsters/walkers/snauntish/snaunt2/snaunt2.monstertype.patch
/monsters/walkers/snuffish/snuffish.monstertype.patch
/monsters/walkers/spheresnaketest/spheresnaketesthead.monstertype.patch
/monsters/walkers/spheresnaketest/spheresnaketestsegment.monstertype.patch
/monsters/walkers/spheretest/spheretest.monstertype.patch
/monsters/walkers/sporgus/sporgus.monstertype.patch
/monsters/walkers/sporgusish/sporgus2/sporgus2.monstertype.patch
/monsters/walkers/sporgusish/sporgus3/sporgus3.monstertype.patch
/monsters/walkers/sporgusish/sporgus4/sporgus4.monstertype.patch
/monsters/walkers/tank/tank.monstertype.patch
/monsters/walkers/taroni/taroni.monstertype.patch
/monsters/walkers/tentaclebarrier/tentaclebarrier.monstertype.patch
/monsters/walkers/tentacleclam/tentacleclam.monstertype.patch
/monsters/walkers/tentaclecometspore/tentaclecometspore.monstertype.patch
/monsters/walkers/toumingo/toumingo.monstertype.patch
/monsters/walkers/toumingoish/chromingo.monstertype.patch
/monsters/walkers/trictus/trictus.monstertype.patch
/monsters/walkers/trictusish/trictus2/trictus2.monstertype.patch
/monsters/walkers/trolls/fuicetroll/icetroll/icetroll.monstertype.patch
/monsters/walkers/trolls/furocktroll/rocktroll/rocktroll.monstertype.patch
/monsters/walkers/trolls/furocktroll/rocktroll2/rocktroll2.monstertype.patch
/monsters/walkers/trolls/fusulphurtroll/sulphurtroll/sulphurtroll.monstertype.patch
/monsters/walkers/voltip/voltip.monstertype.patch
/monsters/walkers/waterbot/waterbot.monstertype.patch
/monsters/walkers/waterbot/waterbotpet.monstertype.patch
/monsters/walkers/webbers/webber/webber.monstertype.patch
/monsters/walkers/wormmass/wormmass.monstertype.patch
/monsters/walkers/yokat/yokat.monstertype.patch
/monsters/walkers/yokatish/shadowyokat/shadowyokat.monstertype.patch
/monsters/walkers/webbers/webbermini/webbermini.monstertype.patch
/monsters/walkers/zombot/zombot.monstertype.patch
/monsters/walkers/zoro/zoro.monstertype.patch
/npcs/base.npctype.patch
/npcs/mission/mutantminer.npctype.patch
/player/playereffects.animation.patch
/projectiles/physics.config.patch
/quickbar/icons.json.patch
/scripts/testTreasure.config.patch
/specs/elementress.config
/specs/operative.config
/specs/sage.config
/treasure/common.treasurepools.patch
/treasure/cropharvest.treasurepools.patch
/treasure/fumonsters.treasurepools.patch
/treasure/fossils.treasurepools.patch
/treasure/hunting.treasurepools.patch
/treasure/npcdrops.treasurepools.patch
/treasure/monster.treasurepools.patch
/treasure/shiplocker.treasurepools.patch
/treasure/space.treasurepools.patch
/treasure/Missions/cultists.treasurepools.patch
/treasure/other/avikanhunting.treasurepools.patch
/ffs_monsters.treasurepools.patch
/items/active/weapons/melee/spear/darkspear.activeitem
/items/active/weapons/melee/spear/jaggedGranite.activeitem
/items/active/weapons/melee/spear/ultralance.activeitem
/monsters/crawlers/tentaclecrawler/tentaclecrawler.monstertype.patch
/monsters/flyers/tentaclebomb/tentaclebomb.monstertype.patch
/monsters/flyers/tentaclegnat/tentaclegnat.monstertype.patch
/monsters/flyers/tentaclespawner/tentaclespawner.monstertype.patch
/monsters/mission/moontant/moontant.monstertype.patch
/monsters/walkers/tentacleclam/tentacleclam.monstertype.patch
/scripts/testTreasure.config.patch
/specs/elementress.config
/treasure/shiplocker.treasurepools.patch
/treasure/space.treasurepools.patch
/treasure/Missions/cultists.treasurepools.patch
/treasure/other/avikanhunting.treasurepools.patch
/treasure/npcdrops.treasurepools.patch
/treasure/fumonsters.treasurepools.patch
/treasure/monster.treasurepools.patch
/treasure/hunting.treasurepools.patch
/treasure/cropharvest.treasurepools.patch
/ffs_monsters.treasurepools.patch
/items/active/weapons/melee/spear/darkspear.activeitem
/items/active/weapons/melee/spear/jaggedGranite.activeitem
/items/active/weapons/melee/spear/ultralance.activeitem
/monsters/crawlers/tentaclecrawler/tentaclecrawler.monstertype.patch
/monsters/flyers/tentaclebomb/tentaclebomb.monstertype.patch
/monsters/flyers/tentaclegnat/tentaclegnat.monstertype.patch
/monsters/flyers/tentaclespawner/tentaclespawner.monstertype.patch
/monsters/mission/moontant/moontant.monstertype.patch
/monsters/walkers/tentacleclam/tentacleclam.monstertype.patch
/scripts/testTreasure.config.patch
/specs/elementress.config
/treasure/space.treasurepools.patch
/treasure/Missions/cultists.treasurepools.patch
/treasure/fumonsters.treasurepools.patch
/treasure/monster.treasurepools.patch
/treasure/npcdrops.treasurepools.patch
/treasure/shiplocker.treasurepools.patch
/treasure/other/avikanhunting.treasurepools.patch
/treasure/hunting.treasurepools.patch
/treasure/cropharvest.treasurepools.patch
/ffs_monsters.treasurepools.patch
/items/active/weapons/melee/spear/darkspear.activeitem
/items/active/weapons/melee/spear/jaggedGranite.activeitem
/items/active/weapons/melee/spear/ultralance.activeitem
/monsters/crawlers/tentaclecrawler/tentaclecrawler.monstertype.patch
/monsters/flyers/tentaclebomb/tentaclebomb.monstertype.patch
/monsters/flyers/tentaclegnat/tentaclegnat.monstertype.patch
/monsters/flyers/tentaclespawner/tentaclespawner.monstertype.patch
/monsters/mission/moontant/moontant.monstertype.patch
/monsters/walkers/tentacleclam/tentacleclam.monstertype.patch
/scripts/testTreasure.config.patch
/specs/elementress.config
/treasure/shiplocker.treasurepools.patch
/treasure/Missions/cultists.treasurepools.patch
/treasure/space.treasurepools.patch
/treasure/other/avikanhunting.treasurepools.patch
/treasure/npcdrops.treasurepools.patch
/treasure/fumonsters.treasurepools.patch
/treasure/monster.treasurepools.patch
/treasure/hunting.treasurepools.patch
/treasure/cropharvest.treasurepools.patch
/ffs_monsters.treasurepools.patch
/items/active/weapons/melee/spear/darkspear.activeitem
/items/active/weapons/melee/spear/jaggedGranite.activeitem
/items/active/weapons/melee/spear/ultralance.activeitem
/monsters/crawlers/tentaclecrawler/tentaclecrawler.monstertype.patch
/monsters/flyers/tentaclebomb/tentaclebomb.monstertype.patch
/monsters/flyers/tentaclespawner/tentaclespawner.monstertype.patch
/monsters/flyers/tentaclegnat/tentaclegnat.monstertype.patch
/monsters/mission/moontant/moontant.monstertype.patch
/monsters/walkers/tentacleclam/tentacleclam.monstertype.patch
/scripts/testTreasure.config.patch
/specs/elementress.config
/treasure/shiplocker.treasurepools.patch
/treasure/space.treasurepools.patch
/treasure/Missions/cultists.treasurepools.patch
/treasure/other/avikanhunting.treasurepools.patch
/treasure/fumonsters.treasurepools.patch
/treasure/npcdrops.treasurepools.patch
/treasure/hunting.treasurepools.patch
/treasure/monster.treasurepools.patch
/treasure/cropharvest.treasurepools.patch
/ffs_monsters.treasurepools.patch
/items/active/weapons/melee/spear/darkspear.activeitem
/items/active/weapons/melee/spear/ultralance.activeitem
/items/active/weapons/melee/spear/jaggedGranite.activeitem
/monsters/crawlers/tentaclecrawler/tentaclecrawler.monstertype.patch
/monsters/flyers/tentaclebomb/tentaclebomb.monstertype.patch
/monsters/flyers/tentaclegnat/tentaclegnat.monstertype.patch
/monsters/flyers/tentaclespawner/tentaclespawner.monstertype.patch
/monsters/mission/moontant/moontant.monstertype.patch
/monsters/walkers/tentacleclam/tentacleclam.monstertype.patch
/scripts/testTreasure.config.patch
/specs/elementress.config
/treasure/shiplocker.treasurepools.patch
/treasure/space.treasurepools.patch
/treasure/Missions/cultists.treasurepools.patch
/treasure/other/avikanhunting.treasurepools.patch
/treasure/npcdrops.treasurepools.patch
/treasure/fumonsters.treasurepools.patch
/treasure/monster.treasurepools.patch
/treasure/hunting.treasurepools.patch
/treasure/cropharvest.treasurepools.patch
/ffs_monsters.treasurepools.patch
/items/active/weapons/melee/spear/darkspear.activeitem
/items/active/weapons/melee/spear/jaggedGranite.activeitem
/items/active/weapons/melee/spear/ultralance.activeitem
/monsters/crawlers/tentaclecrawler/tentaclecrawler.monstertype.patch
/monsters/flyers/tentaclebomb/tentaclebomb.monstertype.patch
/monsters/flyers/tentaclegnat/tentaclegnat.monstertype.patch
/monsters/flyers/tentaclespawner/tentaclespawner.monstertype.patch
/monsters/mission/moontant/moontant.monstertype.patch
/monsters/walkers/tentacleclam/tentacleclam.monstertype.patch
/scripts/testTreasure.config.patch
/specs/elementress.config
/treasure/shiplocker.treasurepools.patch
/treasure/space.treasurepools.patch
/treasure/Missions/cultists.treasurepools.patch
/treasure/other/avikanhunting.treasurepools.patch
/treasure/fumonsters.treasurepools.patch
/treasure/npcdrops.treasurepools.patch
/treasure/monster.treasurepools.patch
/treasure/hunting.treasurepools.patch
/treasure/cropharvest.treasurepools.patch
/ffs_monsters.treasurepools.patch
/items/active/weapons/melee/spear/darkspear.activeitem
/items/active/weapons/melee/spear/jaggedGranite.activeitem
/items/active/weapons/melee/spear/ultralance.activeitem
/monsters/crawlers/tentaclecrawler/tentaclecrawler.monstertype.patch
/monsters/flyers/tentaclebomb/tentaclebomb.monstertype.patch
/monsters/flyers/tentaclespawner/tentaclespawner.monstertype.patch
/monsters/flyers/tentaclegnat/tentaclegnat.monstertype.patch
/monsters/mission/moontant/moontant.monstertype.patch
/monsters/walkers/tentacleclam/tentacleclam.monstertype.patch
/scripts/testTreasure.config.patch
/specs/elementress.config
/treasure/shiplocker.treasurepools.patch
/treasure/space.treasurepools.patch
/treasure/Missions/cultists.treasurepools.patch
/treasure/other/avikanhunting.treasurepools.patch
/treasure/npcdrops.treasurepools.patch
/treasure/fumonsters.treasurepools.patch
/treasure/monster.treasurepools.patch
/treasure/hunting.treasurepools.patch
/treasure/cropharvest.treasurepools.patch
/ffs_monsters.treasurepools.patch
/items/active/weapons/melee/spear/darkspear.activeitem
/items/active/weapons/melee/spear/ultralance.activeitem
/items/active/weapons/melee/spear/jaggedGranite.activeitem
/monsters/crawlers/tentaclecrawler/tentaclecrawler.monstertype.patch
/monsters/flyers/tentaclebomb/tentaclebomb.monstertype.patch
/monsters/flyers/tentaclespawner/tentaclespawner.monstertype.patch
/monsters/mission/moontant/moontant.monstertype.patch
/monsters/walkers/tentacleclam/tentacleclam.monstertype.patch
/scripts/testTreasure.config.patch
/specs/elementress.config
/treasure/shiplocker.treasurepools.patch
/treasure/space.treasurepools.patch
/treasure/Missions/cultists.treasurepools.patch
/treasure/other/avikanhunting.treasurepools.patch
/treasure/fumonsters.treasurepools.patch
/treasure/npcdrops.treasurepools.patch
/treasure/hunting.treasurepools.patch
/treasure/monster.treasurepools.patch
/treasure/cropharvest.treasurepools.patch
/ffs_monsters.treasurepools.patch
/items/active/weapons/melee/spear/darkspear.activeitem
/items/active/weapons/melee/spear/ultralance.activeitem
/items/active/weapons/melee/spear/jaggedGranite.activeitem
/monsters/crawlers/tentaclecrawler/tentaclecrawler.monstertype.patch
/monsters/flyers/tentaclegnat/tentaclegnat.monstertype.patch
/monsters/flyers/tentaclebomb/tentaclebomb.monstertype.patch
/monsters/flyers/tentaclespawner/tentaclespawner.monstertype.patch
/monsters/mission/moontant/moontant.monstertype.patch
/monsters/walkers/tentacleclam/tentacleclam.monstertype.patch
/scripts/testTreasure.config.patch
/specs/elementress.config
/treasure/shiplocker.treasurepools.patch
/treasure/space.treasurepools.patch
/treasure/Missions/cultists.treasurepools.patch
/treasure/other/avikanhunting.treasurepools.patch
/treasure/npcdrops.treasurepools.patch
/treasure/fumonsters.treasurepools.patch
/treasure/monster.treasurepools.patch
/treasure/hunting.treasurepools.patch
/treasure/cropharvest.treasurepools.patch
/ffs_monsters.treasurepools.patch
/items/active/weapons/melee/spear/darkspear.activeitem
/items/active/weapons/melee/spear/jaggedGranite.activeitem
/items/active/weapons/melee/spear/ultralance.activeitem
/monsters/crawlers/tentaclecrawler/tentaclecrawler.monstertype.patch
/monsters/flyers/tentaclebomb/tentaclebomb.monstertype.patch
/monsters/flyers/tentaclegnat/tentaclegnat.monstertype.patch
/monsters/flyers/tentaclespawner/tentaclespawner.monstertype.patch
/monsters/mission/moontant/moontant.monstertype.patch
/monsters/walkers/tentacleclam/tentacleclam.monstertype.patch
/scripts/testTreasure.config.patch
/specs/elementress.config
/treasure/shiplocker.treasurepools.patch
/treasure/space.treasurepools.patch
/treasure/Missions/cultists.treasurepools.patch
/treasure/other/avikanhunting.treasurepools.patch
/treasure/npcdrops.treasurepools.patch
/treasure/fumonsters.treasurepools.patch
/treasure/monster.treasurepools.patch
/treasure/hunting.treasurepools.patch
/treasure/cropharvest.treasurepools.patch
